key,enabled,identity,password,username
user-account-consumer-01,true,"UserIdentity{name: 'Peter', surname: 'Consumer', email: 'peter@acme.com'}",consumer1,consumer1
user-account-consumer-02,true,"UserIdentity{name: 'Mary', surname: '貸んい建濯よ芝弾テソ Λορεμ ιπσθμ', email: 'mary@acme.com'}",consumer2,consumer2
user-account-provider-01,true,"UserIdentity{name: 'Laurel', surname: 'Provider', email: 'laurel@acme.com'}",provider1,provider1
user-account-provider-02,true,"UserIdentity{name: 'Martina', surname: 'коза თხა', email: 'martina@acme.com'}",provider2,provider2
user-account-administrator-02,true,"UserIdentity{name: 'Administrator1', surname: 'Acme', email: 'administrator1@acme.com'}",administrator1,administrator1
user-account-administrator-03,true,"UserIdentity{name: 'Administrator2', surname: 'Acme', email: 'administrator2@acme.com'}",administrator2,administrator2
user-account-manager-01,true,"UserIdentity{name: 'Jaime', surname: 'Linares', email: 'jailinbar@alum.us.es'}",manager1,manager1
user-account-manager-02,true,"UserIdentity{name: 'John', surname: 'Doe', email: 'johndoe@alum.us.es'}",manager2,manager2
user-account-sponsor-01,true,"UserIdentity{name: 'Jane', surname: 'Doe', email: 'janedoe@alum.us.es'}",sponsor1,sponsor1
user-account-sponsor-02,true,"UserIdentity{name: 'Jane', surname: 'Doe', email: 'janedoe@alum.us.es'}",sponsor2,sponsor2
user-account-client-01,true,"UserIdentity{name: 'Jane', surname: 'Doe', email: 'janedoe@alum.us.es'}",client1,client1
user-account-client-02,true,"UserIdentity{name: 'Jane', surname: 'Doe', email: 'janedoe@alum.us.es'}",client2,client2
user-account-manager-03,true,"UserIdentity{name: 'Jane1', surname: 'Doe', email: 'janedoe1@alum.us.es'}",manager3,manager3
user-account-manager-04,true,"UserIdentity{name: 'Jane2', surname: 'Doe', email: 'janedoe2@alum.us.es'}",manager4,manager4
user-account-manager-05,true,"UserIdentity{name: 'Jane3', surname: 'Doe', email: 'janedoe3@alum.us.es'}",manager5,manager5
user-account-manager-06,true,"UserIdentity{name: 'Jane4', surname: 'Doe', email: 'janedoe4@alum.us.es'}",manager6,manager6
user-account-manager-07,true,"UserIdentity{name: 'Jane5', surname: 'Doe', email: 'janedoe5@alum.us.es'}",manager7,manager7
user-account-manager-08,true,"UserIdentity{name: 'Jane6', surname: 'Doe', email: 'janedoe6@alum.us.es'}",manager8,manager8
user-account-manager-09,true,"UserIdentity{name: 'Jane7', surname: 'Doe', email: 'janedoe7@alum.us.es'}",manager9,manager9
user-account-manager-10,true,"UserIdentity{name: 'Jane8', surname: 'Doe', email: 'janedoe8@alum.us.es'}",manager10,manager10
user-account-manager-11,true,"UserIdentity{name: 'Jane9', surname: 'Doe', email: 'janedoe9@alum.us.es'}",manager11,manager11
user-account-manager-12,true,"UserIdentity{name: 'Jane10', surname: 'Doe', email: 'janedoe10@alum.us.es'}",manager12,manager12
user-account-manager-13,true,"UserIdentity{name: 'Jane11', surname: 'Doe', email: 'janedoe11@alum.us.es'}",manager13,manager13
user-account-manager-14,true,"UserIdentity{name: 'Jane12', surname: 'Doe', email: 'janedoe12@alum.us.es'}",manager14,manager14
user-account-manager-15,true,"UserIdentity{name: 'Jane13', surname: 'Doe', email: 'janedoe13@alum.us.es'}",manager15,manager15
user-account-manager-16,true,"UserIdentity{name: 'Jane14', surname: 'Doe', email: 'janedoe14@alum.us.es'}",manager16,manager16
user-account-manager-17,true,"UserIdentity{name: 'Jane15', surname: 'Doe', email: 'janedoe15@alum.us.es'}",manager17,manager17
user-account-manager-18,true,"UserIdentity{name: 'Jane16', surname: 'Doe', email: 'janedoe16@alum.us.es'}",manager18,manager18
user-account-manager-19,true,"UserIdentity{name: 'Jane17', surname: 'Doe', email: 'janedoe17@alum.us.es'}",manager19,manager19
user-account-manager-20,true,"UserIdentity{name: 'Jane18', surname: 'Doe', email: 'janedoe18@alum.us.es'}",manager20,manager20
user-account-manager-21,true,"UserIdentity{name: 'Jane19', surname: 'Doe', email: 'janedoe19@alum.us.es'}",manager21,manager21
user-account-manager-22,true,"UserIdentity{name: 'Jane20', surname: 'Doe', email: 'janedoe20@alum.us.es'}",manager22,manager22
user-account-manager-23,true,"UserIdentity{name: 'Jane21', surname: 'Doe', email: 'janedoe21@alum.us.es'}",manager23,manager23
user-account-manager-24,true,"UserIdentity{name: 'Jane22', surname: 'Doe', email: 'janedoe22@alum.us.es'}",manager24,manager24
user-account-manager-25,true,"UserIdentity{name: 'Jane23', surname: 'Doe', email: 'janedoe23@alum.us.es'}",manager25,manager25
user-account-manager-26,true,"UserIdentity{name: 'Jane24', surname: 'Doe', email: 'janedoe24@alum.us.es'}",manager26,manager26
user-account-manager-27,true,"UserIdentity{name: 'Jane25', surname: 'Doe', email: 'janedoe25@alum.us.es'}",manager27,manager27
user-account-manager-28,true,"UserIdentity{name: 'Jane26', surname: 'Doe', email: 'janedoe26@alum.us.es'}",manager28,manager28
user-account-manager-29,true,"UserIdentity{name: 'Jane27', surname: 'Doe', email: 'janedoe27@alum.us.es'}",manager29,manager29
user-account-manager-30,true,"UserIdentity{name: 'Jane28', surname: 'Doe', email: 'janedoe28@alum.us.es'}",manager30,manager30
user-account-sponsor-03,true,"UserIdentity{name: 'Jane', surname: 'Doe', email: 'janedoe@alum.us.es'}",sponsor3,sponsor3
user-account-sponsor-04,true,"UserIdentity{name: 'Jane', surname: 'Doe', email: 'janedoe@alum.us.es'}",sponsor4,sponsor4
user-account-sponsor-05,true,"UserIdentity{name: 'Jane', surname: 'Doe', email: 'janedoe@alum.us.es'}",sponsor5,sponsor5
user-account-sponsor-06,true,"UserIdentity{name: 'Jane', surname: 'Doe', email: 'janedoe@alum.us.es'}",sponsor6,sponsor6
user-account-sponsor-07,true,"UserIdentity{name: 'Jane', surname: 'Doe', email: 'janedoe@alum.us.es'}",sponsor7,sponsor7
user-account-sponsor-08,true,"UserIdentity{name: 'Jane', surname: 'Doe', email: 'janedoe@alum.us.es'}",sponsor8,sponsor8
user-account-sponsor-09,true,"UserIdentity{name: 'Jane', surname: 'Doe', email: 'janedoe@alum.us.es'}",sponsor9,sponsor9
user-account-sponsor-10,true,"UserIdentity{name: 'Jane', surname: 'Doe', email: 'janedoe@alum.us.es'}",sponsor10,sponsor10
user-account-sponsor-11,true,"UserIdentity{name: 'Jane', surname: 'Doe', email: 'janedoe@alum.us.es'}",sponsor11,sponsor11
user-account-sponsor-12,true,"UserIdentity{name: 'Jane', surname: 'Doe', email: 'janedoe@alum.us.es'}",sponsor12,sponsor12
user-account-sponsor-13,true,"UserIdentity{name: 'Jane', surname: 'Doe', email: 'janedoe@alum.us.es'}",sponsor13,sponsor13
user-account-sponsor-14,true,"UserIdentity{name: 'Jane', surname: 'Doe', email: 'janedoe@alum.us.es'}",sponsor14,sponsor14
user-account-sponsor-15,true,"UserIdentity{name: 'Jane', surname: 'Doe', email: 'janedoe@alum.us.es'}",sponsor15,sponsor15
user-account-sponsor-16,true,"UserIdentity{name: 'Jane', surname: 'Doe', email: 'janedoe@alum.us.es'}",sponsor16,sponsor16
user-account-sponsor-17,true,"UserIdentity{name: 'Jane', surname: 'Doe', email: 'janedoe@alum.us.es'}",sponsor17,sponsor17
user-account-sponsor-18,true,"UserIdentity{name: 'Jane', surname: 'Doe', email: 'janedoe@alum.us.es'}",sponsor18,sponsor18
user-account-sponsor-19,true,"UserIdentity{name: 'Jane', surname: 'Doe', email: 'janedoe@alum.us.es'}",sponsor19,sponsor19
user-account-sponsor-20,true,"UserIdentity{name: 'Jane', surname: 'Doe', email: 'janedoe@alum.us.es'}",sponsor20,sponsor20
user-account-sponsor-21,true,"UserIdentity{name: 'Jane', surname: 'Doe', email: 'janedoe@alum.us.es'}",sponsor21,sponsor21
user-account-sponsor-22,true,"UserIdentity{name: 'Jane', surname: 'Doe', email: 'janedoe@alum.us.es'}",sponsor22,sponsor22
user-account-sponsor-23,true,"UserIdentity{name: 'Jane', surname: 'Doe', email: 'janedoe@alum.us.es'}",sponsor23,sponsor23
user-account-sponsor-24,true,"UserIdentity{name: 'Jane', surname: 'Doe', email: 'janedoe@alum.us.es'}",sponsor24,sponsor24
user-account-sponsor-25,true,"UserIdentity{name: 'Jane', surname: 'Doe', email: 'janedoe@alum.us.es'}",sponsor25,sponsor25
user-account-sponsor-26,true,"UserIdentity{name: 'Jane', surname: 'Doe', email: 'janedoe@alum.us.es'}",sponsor26,sponsor26
user-account-client-03,true,"UserIdentity{name: 'Jane', surname: 'Doe', email: 'janedoe@alum.us.es'}",client3,client3
user-account-client-04,true,"UserIdentity{name: 'Jane', surname: 'Doe', email: 'janedoe@alum.us.es'}",client4,client4
user-account-client-05,true,"UserIdentity{name: 'Jane', surname: 'Doe', email: 'janedoe@alum.us.es'}",client5,client5
user-account-client-06,true,"UserIdentity{name: 'Jane', surname: 'Doe', email: 'janedoe@alum.us.es'}",client6,client6
user-account-client-07,true,"UserIdentity{name: 'Jane', surname: 'Doe', email: 'janedoe@alum.us.es'}",client7,client7
user-account-client-08,true,"UserIdentity{name: 'Jane', surname: 'Doe', email: 'janedoe@alum.us.es'}",client8,client8
user-account-client-09,true,"UserIdentity{name: 'Jane', surname: 'Doe', email: 'janedoe@alum.us.es'}",client9,client9
user-account-client-10,true,"UserIdentity{name: 'Jane', surname: 'Doe', email: 'janedoe@alum.us.es'}",client10,client10
user-account-client-11,true,"UserIdentity{name: 'Jane', surname: 'Doe', email: 'janedoe@alum.us.es'}",client11,client11
user-account-client-12,true,"UserIdentity{name: 'Jane', surname: 'Doe', email: 'janedoe@alum.us.es'}",client12,client12
user-account-client-13,true,"UserIdentity{name: 'Jane', surname: 'Doe', email: 'janedoe@alum.us.es'}",client13,client13
user-account-client-14,true,"UserIdentity{name: 'Jane', surname: 'Doe', email: 'janedoe@alum.us.es'}",client14,client14
user-account-client-15,true,"UserIdentity{name: 'Jane', surname: 'Doe', email: 'janedoe@alum.us.es'}",client15,client15
user-account-client-16,true,"UserIdentity{name: 'Jane', surname: 'Doe', email: 'janedoe@alum.us.es'}",client16,client16
user-account-client-17,true,"UserIdentity{name: 'Jane', surname: 'Doe', email: 'janedoe@alum.us.es'}",client17,client17
user-account-client-18,true,"UserIdentity{name: 'Jane', surname: 'Doe', email: 'janedoe@alum.us.es'}",client18,client18
user-account-client-19,true,"UserIdentity{name: 'Jane', surname: 'Doe', email: 'janedoe@alum.us.es'}",client19,client19
user-account-client-20,true,"UserIdentity{name: 'Jane', surname: 'Doe', email: 'janedoe@alum.us.es'}",client20,client20
user-account-client-21,true,"UserIdentity{name: 'Jane', surname: 'Doe', email: 'janedoe@alum.us.es'}",client21,client21
user-account-client-22,true,"UserIdentity{name: 'Jane', surname: 'Doe', email: 'janedoe@alum.us.es'}",client22,client22
user-account-client-23,true,"UserIdentity{name: 'Jane', surname: 'Doe', email: 'janedoe@alum.us.es'}",client23,client23
user-account-client-24,true,"UserIdentity{name: 'Jane', surname: 'Doe', email: 'janedoe@alum.us.es'}",client24,client24
user-account-client-25,true,"UserIdentity{name: 'Jane', surname: 'Doe', email: 'janedoe@alum.us.es'}",client25,client25
user-account-client-26,true,"UserIdentity{name: 'Jane', surname: 'Doe', email: 'janedoe@alum.us.es'}",client26,client26
user-account-p-01,true,"UserIdentity{name: 's', surname: 's', email: 'janedoe@alum.us.es'}",prueba1,prueba1